1,2,3,4,5,6,7,8,9,10,11,12,13,14,15,16,target,target_names
4,7,5,5,4,6,7,4,8,9,6,10,2,8,6,9,,
3,7,4,5,3,5,4,3,7,5,3,8,1,7,2,8,,
5,7,7,5,5,8,6,6,3,7,7,8,8,6,2,8,,
4,7,5,5,4,6,7,4,8,9,6,10,2,8,6,9,,
3,7,4,6,2,10,6,4,5,12,5,9,1,7,2,7,,
4,7,5,5,4,7,7,7,5,8,6,8,3,8,4,8,,
4,7,5,5,4,7,8,5,5,8,4,8,4,7,5,9,,
4,7,5,5,4,6,7,4,8,9,6,10,2,8,6,9,,
4,7,6,5,3,7,7,3,7,8,6,8,3,8,5,8,,
4,7,5,6,4,6,10,5,3,10,6,4,2,10,4,8,,
4,7,5,5,4,6,7,4,8,9,6,10,2,8,6,9,,
4,7,5,5,4,7,8,5,5,8,4,8,4,7,5,9,,
4,7,5,5,3,6,11,3,7,9,9,7,2,10,2,6,,
4,7,5,5,4,7,7,7,5,8,6,8,3,8,4,8,,
4,7,5,5,3,6,11,3,7,9,9,7,2,10,2,6,,
3,7,5,5,3,9,4,3,2,8,2,8,3,6,3,7,,
5,7,7,5,5,8,6,6,3,7,7,8,8,6,2,8,,
4,7,5,5,5,8,7,5,6,8,6,7,3,8,7,9,,
2,7,3,5,2,7,7,2,6,9,6,8,1,8,2,8,,
4,7,5,5,4,6,7,4,8,9,6,10,2,8,6,9,,
5,7,6,5,4,7,8,7,4,7,6,7,5,8,1,7,,
4,7,5,5,3,5,10,3,5,11,8,6,2,9,3,7,,
5,7,5,5,3,6,7,7,6,8,10,9,4,9,2,7,,
4,7,5,5,4,6,7,4,8,9,6,10,2,8,6,9,,
5,7,5,5,3,6,7,7,6,8,10,9,4,9,2,7,,
5,7,6,5,4,7,8,7,4,7,6,7,5,8,1,7,,
4,7,5,5,4,8,7,6,7,8,5,6,3,8,4,8,,
2,7,3,5,2,7,7,2,6,9,6,8,1,8,2,8,,
3,7,5,5,3,9,4,3,2,8,2,8,3,6,3,7,,
3,7,5,5,3,9,4,3,2,8,2,8,3,6,3,7,,
4,7,5,6,4,6,10,5,3,10,6,4,2,10,4,8,,
4,7,5,5,4,7,8,5,5,8,4,8,4,7,5,9,,
4,7,5,5,4,6,7,4,8,9,6,10,2,8,6,9,,
5,7,6,5,4,7,8,7,4,7,6,7,5,8,1,7,,
4,7,5,5,4,8,7,6,7,8,5,6,3,8,4,8,,
2,7,3,5,2,7,7,2,6,9,6,8,1,8,2,8,,
4,7,5,6,3,8,7,3,9,9,6,8,1,8,7,8,,